{"html_attributions": [], "result": {"address_components": [{"long_name": "Espoo", "short_name": "Espoo", "types": ["locality", "political"]}, {"long_name": "Finland", "short_name": "FI", "types": ["country", "political"]}], "adr_address": "<span class=\"locality\">Espoo</span>, <span class=\"country-name\">Finland</span>", "formatted_address": "Espoo, Finland", "geometry": {"location": {"lat": 60.2054911, "lng": 24.6559}, "viewport": {"northeast": {"lat": 60.3636105, "lng": 24.8505715}, "southwest": {"lat": 60.0499087, "lng": 24.4996565}}}, "icon": "https://maps.gstatic.com/mapfiles/place_api/icons/geocode-71.png", "id": "71675bb33b7c9dd3ce185f1fcb84cfe97a8c7127", "name": "Espoo", "photos": [{"height": 2137, "html_attributions": ["<a href=\"https://maps.google.com/maps/contrib/116664602620910360538\">Mikael Rai J\u00e4rvinen</a>"], "photo_reference": "CmRaAAAAOFRncnG2JuzyUtY6v__fXVQv9d1HmUWgb2ZyVkZffrv_xduK2Ir3pjhJ-WrXOSRMYq6KPDQpnvcNhpGqh0Y2ZSPpjgwP2p6FBz0TTbuyqoAbDvQDz0P5K7Meu04627GHEhC4RVDP848qFx_laBr_ML0tGhTUnM0Sk-Rdnz_Tt4GtEXsdL9op_g", "width": 3862}, {"height": 2592, "html_attributions": ["<a href=\"https://maps.google.com/maps/contrib/101113976372014027017\">Serguei Tammi</a>"], "photo_reference": "CmRZAAAAUjvKj2fMly4hgOjlEDH1hdIQF9b2noZwtBfXkHcx-OOd5K1o6y5-1jqW_fh1-w2e2YFgw4NpAm3pUvWA0InrIUP85GWvXZ6f1JxVTfcLsjJOD3knxYkz6Pee1uNWwJ0WEhCKMEjYVdBKP6ZHN03PbtPSGhSbHF5J3JmzM9Ff94ADnkHDbAU_AQ", "width": 4608}, {"height": 3480, "html_attributions": ["<a href=\"https://maps.google.com/maps/contrib/118259681986258433752\">Risto Tuomarla</a>"], "photo_reference": "CmRaAAAAiHwF9oj7nhGRTCKfyBgazoVJsPWmHNUqAXuUFZUnVedB6LJ5gUhrTnTUuXnsyXzi-4yrNFxzINMZWnIHUBAr0W2d3ef56QhbssjkSKyBfYPciZXVBXC-EMemzBvWhpgtEhATE3zbOWjWaRu5kGAwiRAVGhSBJcdXEDZJP012PmMOQCGtyjRERA", "width": 4640}, {"height": 3120, "html_attributions": ["<a href=\"https://maps.google.com/maps/contrib/117670684361687884556\">Harri Saaranen</a>"], "photo_reference": "CmRaAAAAx8nHP0CDtBX4Q_NaA3xbE5v0Fcl8p2pMDITyCDD5oUgFT_u9-42Q79apBhmM68HIQ-1-DTaTiBQh33mCo4pv0d4m-C2box8PShrIdRFu87yTZSSb82vr-zHqF_4QZBe2EhACtAc3VwyNM_hGwwiyXIdnGhRyR98Pu4zPxu2y0iAIoRI7arbcFQ", "width": 4160}, {"height": 3024, "html_attributions": ["<a href=\"https://maps.google.com/maps/contrib/109221413126045889489\">Pirjo Kuitunen</a>"], "photo_reference": "CmRaAAAAZmGTbXVDrEMEICi35vUREAQwnKgydMG2uz5NjZe_meDOgsmlVFyx5wxHuXeG8PWgVnjetbXPKjen6Ow3ysRwYJW-ccICOG7t6ordQJDh9nvf0azW3ygl0_aiPW3oD_xYEhAzR85xR6fjbYucGDKzoiksGhTyrTr5Ma0GI95MUMxDbrRO5h4rsQ", "width": 4032}, {"height": 2976, "html_attributions": ["<a href=\"https://maps.google.com/maps/contrib/100960068212257443166\">Anna Swiderska</a>"], "photo_reference": "CmRaAAAAhIqJSONryStJ6xL-5cuLHIdOqg77CqW8TF848UPOp7CJVzmH2Po9Yt3Bx4puJ45H3uLq0i3EjUIByg6gsYR4aGUZV9tt4qUTJ2iitNohYJKnDK-rwXj0uWj4SZmD3vpJEhCQT4haEBLpmlukh44o8IWBGhSpeM2IDLHuNdsjN3VPEC3ZuQHKng", "width": 3968}, {"height": 540, "html_attributions": ["<a href=\"https://maps.google.com/maps/contrib/115430728350040593541\">Nadia Saccocci</a>"], "photo_reference": "CmRaAAAAqwxy_MzCtj6OF27Nfs7WxSpH8H9xCSkp4dNkREwjj5DDPo2rcqEMTvWLt2DOryhASfL-ma_8MFaAPlbvPuewhvvfyQZ-sdq5PrLUNuSmG2FAnwJurmieRgDByMNEeYa8EhC31UpBhTpk_a43quRQ8vCMGhQr53UM8bm46BZEKLOva0QTTh91pA", "width": 960}, {"height": 2322, "html_attributions": ["<a href=\"https://maps.google.com/maps/contrib/107843338665866148306\">Andriy Tymchenko</a>"], "photo_reference": "CmRaAAAARScezPZj3q28j8CSTxZcrzZX_BuPa9UIZ30-pJ0v5ZO8mWxfHkSa46zFNXyTkAfknd4_L0NZ-5tdAbZx0A1RodQbntdWbbPB1v8CHHpn9-wsOh8zmuBayoETv87QkK8TEhBXzsMq5QH3Gbh5sVAMmeIyGhQ3jGsnYe-Yp2WWNwacZzyqILEELw", "width": 4128}, {"height": 1080, "html_attributions": ["<a href=\"https://maps.google.com/maps/contrib/102377537561251921216\">Haltia Suomen Luontokeskus</a>"], "photo_reference": "CmRaAAAAWsEmi2k8cH24le_TS1RJEw1MmyhaEWyUyx1uNpAPLrD48dWkXQQl_fqqPdPX1VMQ1kgHUYJv_WjPX41QL0KlfRl-Cpqyfto6wYOtwXOQiXIOg154-sVLlwefDU2DpU-8EhCDjKWBtca1X4sTjSvW_HaMGhTUEDjXWPOyYoDrXw_XsOwE03-2DA", "width": 1920}, {"height": 3096, "html_attributions": ["<a href=\"https://maps.google.com/maps/contrib/116649250793758889865\">Tomi Turunen</a>"], "photo_reference": "CmRaAAAAUofS0Dx0Ty67_9cL4hxBtqgngnnfGo1NIky5azSWKzHLWgoyFVXSscytJ09k89v8s48p9kFzOUv5GnEmnQkHn8Q8IUddfOJky1-Ng_9fw39jHPWuUi30plM4Nvom9FUEEhCy_s6soLhP77ouX6Juqh7GGhQApLqo7Eeeaj-J_nskhKMiLrhEcQ", "width": 5504}], "place_id": "ChIJ4Us9pPryjUYRn1MzXbSQuPA", "reference": "ChIJ4Us9pPryjUYRn1MzXbSQuPA", "scope": "GOOGLE", "types": ["locality", "political"], "url": "https://maps.google.com/?q=Espoo,+Finland&ftid=0x468df2faa43d4be1:0xf0b890b45d33539f", "utc_offset": 120, "vicinity": "Espoo", "website": "http://www.espoo.fi/"}, "status": "OK"}
