{"html_attributions": [], "result": {"address_components": [{"long_name": "Helsinki", "short_name": "HKI", "types": ["locality", "political"]}, {"long_name": "Finland", "short_name": "FI", "types": ["country", "political"]}], "adr_address": "<span class=\"locality\">Helsinki</span>, <span class=\"country-name\">Finland</span>", "formatted_address": "Helsinki, Finland", "geometry": {"location": {"lat": 60.16985569999999, "lng": 24.9383791}, "viewport": {"northeast": {"lat": 60.2978389, "lng": 25.2544849}, "southwest": {"lat": 59.9224887, "lng": 24.7828758}}}, "icon": "https://maps.gstatic.com/mapfiles/place_api/icons/geocode-71.png", "id": "a88c998a95685a43779840919259d41788eb8210", "name": "Helsinki", "photos": [{"height": 700, "html_attributions": ["<a href=\"https://maps.google.com/maps/contrib/114618182700913084001\">Vicky Gupta</a>"], "photo_reference": "CmRaAAAAbyXGqo-sjTo0T5uHQxtQ0HTQCAJHHxWJ0JxsynhWhWl5xRdKgjhmf3goPwuCa1Fn7bEdCNvmzckE6kT6wp0dE_lRE7eCbKsB8vx9iDY96QBheo0Koy7oNUqkDNnXxREwEhCH0f3hODFXBhU2e6Kf6b-4GhSl8UL-RCzVqthDVSaQ00Nsicoj7w", "width": 1050}, {"height": 1280, "html_attributions": ["<a href=\"https://maps.google.com/maps/contrib/105257088878559674474\">\u0412\u043b\u0430\u0434\u0438\u043c\u0438\u0440 \u0411\u0435\u0437\u043d\u0443\u0442\u0440\u043e\u0432</a>"], "photo_reference": "CmRaAAAAm-sRibOKMX2TfsEtXFjiqLqKMXeFqrX7FYfgkfMzj_sh-weSNTxvFPlx5lEZVa32D6b5UjX_yvRstUrDDj7zDtXdqxzhvJRD63o_OWN5h6qmFFdt7wF7634TwmslLIbcEhAj2NCAgspMnYfMKkSViyRiGhTMEmkpQw_1YGiSFFYHaM8CqUPx4A", "width": 1920}, {"height": 2610, "html_attributions": ["<a href=\"https://maps.google.com/maps/contrib/112744521189174946273\">Jan Sandbacka</a>"], "photo_reference": "CmRaAAAAC6o9UNvZOyBagg_Rat2amlF8wQhLw2S-2w_ELpf6m03Qmn04_-p_PhR8UcEpBjfJVoru8u-9gdmZZvValtQuk6BQHivDjJkVMcXf4gr6wuYYdw-DpNu1SKZ3DHSOuck3EhAEzMtvuIuZmU-ow0gEhroFGhR6tTlkZmuUeLANkUC-u65klh2Axg", "width": 4640}, {"height": 581, "html_attributions": ["<a href=\"https://maps.google.com/maps/contrib/106618646278287388935\">F Rafael Fernandez</a>"], "photo_reference": "CmRaAAAAGKqOqGbT7z_YK7pif104ddItBPCvVpuUvf63Pu1ZVU0Ykn5XG-_Zbxzyo8o4PFYrjeAsn9qhkkym7j9DwyLq63-jVPq7paoHBfvxqDmp9OhURs0KGublJYSb1cd2TDzxEhCF7xJdyg_5wj6BWULJVvrfGhTh1viD0rRbLD67OcsLdpjtgF2Epg", "width": 1032}, {"height": 3096, "html_attributions": ["<a href=\"https://maps.google.com/maps/contrib/102654365449662503917\">R H</a>"], "photo_reference": "CmRaAAAAEd4aCAk7ABQlkKW2txWemnizjajOdl0yS_Ocm5EsRdaSlE5S2iGTHYpZ2scVKwMWk6ZngcKjqCHu3y9RhsiHdyyZz0NvgORuF2L6LTIOyItLRL-Zw_xrtxYG-7cyYqXOEhAmjsfiXbhAPNb-JeAbJpAqGhRvgeS_O2bjMaysyWCbP64qAjn9OA", "width": 4128}, {"height": 3648, "html_attributions": ["<a href=\"https://maps.google.com/maps/contrib/108439141401725618413\">Tord Malmberg</a>"], "photo_reference": "CmRaAAAAgYSlB25YyAJPV5h3XshYEuzRC2ZLw45_FR24HjDk5VYZAOSWxjYrHi0Bf8nSvOu6F8E3W02X6GdhdGV5c4Bl5xqJ9hJgd_HJPnQ7KNeyLZP8Yvkk6Igl05MACpPhbaCaEhCo84LU-yLFNSos7F9zT9h9GhQ2su3xlGelRPkkti6ZE61vJ_sx-g", "width": 2736}, {"height": 2160, "html_attributions": ["<a href=\"https://maps.google.com/maps/contrib/102771027838168324405\">Jelle Smit</a>"], "photo_reference": "CmRaAAAA39LKvxjaGIxzQsNVBWmePJqq4SWqZ-Cmv4KUEvJlvoWYEU9HUtZQ1GBcmeGmmdXrlMRlafhmk3jq-P3UkQvvkKbO0fGgQyIpqa5_lLkrSzcbZOfuZXUj1QjHJDeFZejHEhA_oWMIV6WL7xzoUIHOLH_1GhTcPEV0UoEdOOvye7qP1cVXqeVXJA", "width": 3840}, {"height": 3456, "html_attributions": ["<a href=\"https://maps.google.com/maps/contrib/100029394686658931528\">Yujen Lien</a>"], "photo_reference": "CmRaAAAAGylHv9M_QfbelwTrK5LDOGBIywZj0pY2d1d6xzE2SxnX3kBdBTBsVHCss65AejERqOk_AgENIZGPE1njDwD-4jetPawvCAwniVU26pZaDbVx4PbHw8GoOTJK3nx804TXEhBMKrzLcWDQNRNiyLOKlkBKGhSk7C73E9zxi0FvsIwHA_M489sleg", "width": 4608}, {"height": 3024, "html_attributions": ["<a href=\"https://maps.google.com/maps/contrib/107028246962792509782\">Terho Kulmala</a>"], "photo_reference": "CmRaAAAA2s4YWGpLHMGhwOL28OdRAem021cYAaPsdAcAF6URUcsjx077gJn-Qs1vCiz2I8MR8_t1S3L-pjJfdYgw-XWises4dchwfMY-25F1KT8fqoKIYZdXDbe-XTaTKWQ8gRAbEhDqrKzO6wq01Qmu6TOHIbbsGhS93OBY0dPMedvMavQRw2zEa0Ebfg", "width": 4032}, {"height": 3024, "html_attributions": ["<a href=\"https://maps.google.com/maps/contrib/118106960444242559955\">Oleg Lapotinskij</a>"], "photo_reference": "CmRaAAAAdUo9GcpQK-CJPTQyKJwISRGxyGkNQwiljgzK8rvvCySQdjWBBM12fm8iV0d_Q9Cak2RZQKjLF3-j2-GfcYuRM46cFJ7ziKyhjTfb0sQYxrgOnGEjTjkZ2HQf5G0M-qRREhDBhcERTl1DaAXGz53f7apJGhSICJ2dHFZ1IYwgZVUcv9pv8IBBhQ", "width": 4032}], "place_id": "ChIJkQYhlscLkkYRY_fiO4S9Ts0", "reference": "ChIJkQYhlscLkkYRY_fiO4S9Ts0", "scope": "GOOGLE", "types": ["locality", "political"], "url": "https://maps.google.com/?q=Helsinki,+Finland&ftid=0x46920bc796210691:0xcd4ebd843be2f763", "utc_offset": 120, "vicinity": "Helsinki", "website": "http://www.hel.fi/"}, "status": "OK"}
